"rgn_id","habitat","km2"
1,"mangrove",1437.8298536701
1,"saltmarsh",1783.57047619048
1,"seagrass",2729.73319268519
