"rgn_id","sector","year","value"
1,"cf",2003,2575.9706
1,"cf",2004,3683.9243
1,"cf",2005,2362.8752
1,"cf",2006,2281.8768
1,"cf",2007,1586.2714
1,"mar",2003,0
1,"mar",2004,0
1,"mar",2005,0
1,"mar",2006,0
1,"mar",2007,0
1,"tour",2005,7234.59401794
1,"tour",2006,6989.94591106
1,"tour",2007,6801.21737146
1,"tour",2008,5319.34883831
1,"tour",2009,6095.23283444
1,"tour",2010,4585.40451765
