"rgn_id","year","percent"
1,2003,12.89940828
1,2004,11.35101789
1,2005,8.27629123
1,2006,5.60453400999999
1,2007,4.3044292
1,2008,5.82403965
1,2009,13.71115174
1,2010,7.2249621914
