"rgn_id","product","weight"
1,"fish_oil",0.206163536160162
1,"seaweeds",0.288156562816331
1,"shells",0.397705544933078
1,"sponges",0.107974356090429
